id,company_id,name,first_name,last_name,open_deals_count,related_open_deals_count,closed_deals_count,related_closed_deals_count,participant_open_deals_count,participant_closed_deals_count,email_messages_count,activities_count,done_activities_count,undone_activities_count,files_count,notes_count,followers_count,won_deals_count,related_won_deals_count,lost_deals_count,related_lost_deals_count,active_flag,phone,email,first_char,update_time,delete_time,add_time,visible_to,picture_id,next_activity_date,next_activity_time,next_activity_id,last_activity_id,last_activity_date,last_incoming_mail_time,last_outgoing_mail_time,label,label_ids,im,postal_address,postal_address_lat,postal_address_long,postal_address_subpremise,postal_address_street_number,postal_address_route,postal_address_sublocality,postal_address_locality,postal_address_admin_area_level_1,postal_address_admin_area_level_2,postal_address_country,postal_address_postal_code,postal_address_formatted_address,notes,birthday,job_title,org_name,owner_name,primary_email,cc_email,owner_id.id,owner_id.name,owner_id.email,owner_id.has_pic,owner_id.pic_hash,owner_id.active_flag,owner_id.value,org_id.name,org_id.people_count,org_id.owner_id,org_id.address,org_id.label_ids,org_id.active_flag,org_id.cc_email,org_id.owner_name,org_id.value
1,13934494,Alyssa Cooley,Alyssa,Cooley,1,0,0,0,0,0,0,0,0,0,0,0,1,0,0,0,0,True,"[{'value': '', 'primary': True}]","[{'label': 'work', 'value': '616-382-4998', 'primary': True}, {'label': 'work', 'value': 'melissarussell@example.org', 'primary': False}, {'label': 'work', 'value': 'bauerseth@example.net', 'primary': False}]",a,2024-12-03 10:34:53,,2024-12-03 10:34:50,3,,,,,,,,,,[],"[{'value': '', 'primary': True}]",,,,,,,,,,,,,,,,,Walker Inc,Jesús Maeso,616-382-4998,jesusmaeso-sandbox@pipedrivemail.com,22693865,Jesús Maeso,jesusmaesog@gmail.com,0,,True,22693865,Walker Inc,1,22693865,"8121 Edward Lake Suite 552, Robertport, MH 44045",[],True,jesusmaeso-sandbox@pipedrivemail.com,Jesús Maeso,4
2,13934494,Brooke Rocha,Brooke,Rocha,1,0,0,0,0,0,0,0,0,0,0,0,1,0,0,0,0,True,"[{'value': '', 'primary': True}]","[{'label': 'work', 'value': '(615)472-6931x96207', 'primary': True}, {'label': 'work', 'value': 'johncarrillo@example.org', 'primary': False}, {'label': 'work', 'value': 'kelli94@example.com', 'primary': False}]",b,2024-12-03 10:34:53,,2024-12-03 10:34:50,3,,,,,,,,,,[],"[{'value': '', 'primary': True}]",,,,,,,,,,,,,,,,,Barton Ltd,Jesús Maeso,(615)472-6931x96207,jesusmaeso-sandbox@pipedrivemail.com,22693865,Jesús Maeso,jesusmaesog@gmail.com,0,,True,22693865,Barton Ltd,1,22693865,"5438 Randall Mountain, Williamsbury, MA 06898",[],True,jesusmaeso-sandbox@pipedrivemail.com,Jesús Maeso,3
3,13934494,Rebekah Diaz,Rebekah,Diaz,1,0,0,0,0,0,0,0,0,0,0,0,1,0,0,0,0,True,"[{'value': '', 'primary': True}]","[{'label': 'work', 'value': '938-623-0572x4459', 'primary': True}, {'label': 'work', 'value': 'kmacdonald@example.org', 'primary': False}, {'label': 'work', 'value': 'charles70@example.org', 'primary': False}]",r,2024-12-03 10:34:53,,2024-12-03 10:34:50,3,,,,,,,,,,[],"[{'value': '', 'primary': True}]",,,,,,,,,,,,,,,,,Casey and Sons,Jesús Maeso,938-623-0572x4459,jesusmaeso-sandbox@pipedrivemail.com,22693865,Jesús Maeso,jesusmaesog@gmail.com,0,,True,22693865,Casey and Sons,1,22693865,"4847 Marie Curve Suite 893, Michaelstad, CA 75678",[],True,jesusmaeso-sandbox@pipedrivemail.com,Jesús Maeso,5
4,13934494,Kayla Russell,Kayla,Russell,1,0,0,0,0,0,0,0,0,0,0,0,1,0,0,0,0,True,"[{'value': '', 'primary': True}]","[{'label': 'work', 'value': '001-447-924-7228x5869', 'primary': True}, {'label': 'work', 'value': 'loririchards@example.net', 'primary': False}, {'label': 'work', 'value': 'obriensandra@example.net', 'primary': False}]",k,2024-12-03 10:34:53,,2024-12-03 10:34:50,3,,,,,,,,,,[],"[{'value': '', 'primary': True}]",,,,,,,,,,,,,,,,,Mejia PLC,Jesús Maeso,001-447-924-7228x5869,jesusmaeso-sandbox@pipedrivemail.com,22693865,Jesús Maeso,jesusmaesog@gmail.com,0,,True,22693865,Mejia PLC,1,22693865,"3619 Michael Roads, Justinstad, CT 10190",[],True,jesusmaeso-sandbox@pipedrivemail.com,Jesús Maeso,1
5,13934494,Ernest Price,Ernest,Price,1,0,0,0,0,0,0,0,0,0,0,0,1,0,0,0,0,True,"[{'value': '', 'primary': True}]","[{'label': 'work', 'value': '512.978.6585x344', 'primary': True}, {'label': 'work', 'value': 'michellestafford@example.net', 'primary': False}, {'label': 'work', 'value': 'stephanie70@example.org', 'primary': False}]",e,2024-12-03 10:34:53,,2024-12-03 10:34:50,3,,,,,,,,,,[],"[{'value': '', 'primary': True}]",,,,,,,,,,,,,,,,,Mayo-Nguyen,Jesús Maeso,512.978.6585x344,jesusmaeso-sandbox@pipedrivemail.com,22693865,Jesús Maeso,jesusmaesog@gmail.com,0,,True,22693865,Mayo-Nguyen,1,22693865,"206 Jonathan Tunnel, North Judith, WV 53701",[],True,jesusmaeso-sandbox@pipedrivemail.com,Jesús Maeso,2
6,13934494,Karen Velasquez,Karen,Velasquez,1,0,0,0,0,0,0,0,0,0,0,0,1,0,0,0,0,True,"[{'value': '', 'primary': True}]","[{'label': 'work', 'value': '2123629746', 'primary': True}, {'label': 'work', 'value': 'joesims@example.org', 'primary': False}, {'label': 'work', 'value': 'mia62@example.org', 'primary': False}]",k,2024-12-03 10:34:53,,2024-12-03 10:34:51,3,,,,,,,,,,[],"[{'value': '', 'primary': True}]",,,,,,,,,,,,,,,,,Mann Group,Jesús Maeso,2123629746,jesusmaeso-sandbox@pipedrivemail.com,22693865,Jesús Maeso,jesusmaesog@gmail.com,0,,True,22693865,Mann Group,1,22693865,"521 Burton Burgs, North Loganside, ME 88701",[],True,jesusmaeso-sandbox@pipedrivemail.com,Jesús Maeso,6
7,13934494,Suzanne Johnson,Suzanne,Johnson,1,0,0,0,0,0,0,0,0,0,0,0,1,0,0,0,0,True,"[{'value': '', 'primary': True}]","[{'label': 'work', 'value': '+1-504-823-4515x0681', 'primary': True}, {'label': 'work', 'value': 'robert36@example.com', 'primary': False}, {'label': 'work', 'value': 'danielholden@example.org', 'primary': False}]",s,2024-12-03 10:34:53,,2024-12-03 10:34:52,3,,,,,,,,,,[],"[{'value': '', 'primary': True}]",,,,,,,,,,,,,,,,,Wyatt Inc,Jesús Maeso,+1-504-823-4515x0681,jesusmaeso-sandbox@pipedrivemail.com,22693865,Jesús Maeso,jesusmaesog@gmail.com,0,,True,22693865,Wyatt Inc,1,22693865,"USCGC Moreno, FPO AP 16659",[],True,jesusmaeso-sandbox@pipedrivemail.com,Jesús Maeso,10
8,13934494,Cynthia Carter,Cynthia,Carter,1,0,0,0,0,0,0,0,0,0,0,0,1,0,0,0,0,True,"[{'value': '', 'primary': True}]","[{'label': 'work', 'value': '+1-291-959-4348x20716', 'primary': True}, {'label': 'work', 'value': 'sullivanmary@example.com', 'primary': False}, {'label': 'work', 'value': 'averydenise@example.com', 'primary': False}]",c,2024-12-03 10:34:53,,2024-12-03 10:34:52,3,,,,,,,,,,[],"[{'value': '', 'primary': True}]",,,,,,,,,,,,,,,,,"Peters, Vaughn and Beck",Jesús Maeso,+1-291-959-4348x20716,jesusmaeso-sandbox@pipedrivemail.com,22693865,Jesús Maeso,jesusmaesog@gmail.com,0,,True,22693865,"Peters, Vaughn and Beck",1,22693865,"200 Angela Port Apt. 579, South Ryan, NC 73884",[],True,jesusmaeso-sandbox@pipedrivemail.com,Jesús Maeso,9
9,13934494,Jacqueline Wise,Jacqueline,Wise,1,0,0,0,0,0,0,0,0,0,0,0,1,0,0,0,0,True,"[{'value': '', 'primary': True}]","[{'label': 'work', 'value': '001-573-213-2794x90253', 'primary': True}, {'label': 'work', 'value': 'tiffany37@example.net', 'primary': False}, {'label': 'work', 'value': 'daniellefry@example.net', 'primary': False}]",j,2024-12-03 10:34:53,,2024-12-03 10:34:52,3,,,,,,,,,,[],"[{'value': '', 'primary': True}]",,,,,,,,,,,,,,,,,Parker PLC,Jesús Maeso,001-573-213-2794x90253,jesusmaeso-sandbox@pipedrivemail.com,22693865,Jesús Maeso,jesusmaesog@gmail.com,0,,True,22693865,Parker PLC,1,22693865,"02189 Melanie Glen, Jennifermouth, AS 72011",[],True,jesusmaeso-sandbox@pipedrivemail.com,Jesús Maeso,7
10,13934494,Melanie Adams,Melanie,Adams,1,0,0,0,0,0,0,0,0,0,0,0,1,0,0,0,0,True,"[{'value': '', 'primary': True}]","[{'label': 'work', 'value': '3218882827', 'primary': True}, {'label': 'work', 'value': 'erikswanson@example.net', 'primary': False}, {'label': 'work', 'value': 'davidrobert@example.org', 'primary': False}]",m,2024-12-03 10:34:54,,2024-12-03 10:34:52,3,,,,,,,,,,[],"[{'value': '', 'primary': True}]",,,,,,,,,,,,,,,,,"Massey, Morgan and Bates",Jesús Maeso,3218882827,jesusmaeso-sandbox@pipedrivemail.com,22693865,Jesús Maeso,jesusmaesog@gmail.com,0,,True,22693865,"Massey, Morgan and Bates",1,22693865,"4915 Garrett Mission Suite 160, Barkerberg, GU 39254",[],True,jesusmaeso-sandbox@pipedrivemail.com,Jesús Maeso,8
11,13934494,Ronald Durham,Ronald,Durham,1,0,0,0,0,0,0,0,0,0,0,0,1,0,0,0,0,True,"[{'value': '', 'primary': True}]","[{'label': 'work', 'value': '+1-885-267-0086x5069', 'primary': True}, {'label': 'work', 'value': 'adam48@example.net', 'primary': False}, {'label': 'work', 'value': 'andrea23@example.net', 'primary': False}]",r,2024-12-03 10:34:56,,2024-12-03 10:34:54,3,,,,,,,,,,[],"[{'value': '', 'primary': True}]",,,,,,,,,,,,,,,,,"Johnson, Warren and Moore",Jesús Maeso,+1-885-267-0086x5069,jesusmaeso-sandbox@pipedrivemail.com,22693865,Jesús Maeso,jesusmaesog@gmail.com,0,,True,22693865,"Johnson, Warren and Moore",1,22693865,"94886 Martin Underpass Apt. 147, West Brittanyland, MT 51234",[],True,jesusmaeso-sandbox@pipedrivemail.com,Jesús Maeso,12
12,13934494,Amanda Garrett,Amanda,Garrett,1,0,0,0,0,0,0,0,0,0,0,0,1,0,0,0,0,True,"[{'value': '', 'primary': True}]","[{'label': 'work', 'value': '+1-678-467-1463x84946', 'primary': True}, {'label': 'work', 'value': 'mckinneyshane@example.com', 'primary': False}, {'label': 'work', 'value': 'wrightpatricia@example.com', 'primary': False}]",a,2024-12-03 10:34:56,,2024-12-03 10:34:54,3,,,,,,,,,,[],"[{'value': '', 'primary': True}]",,,,,,,,,,,,,,,,,Hicks-Walker,Jesús Maeso,+1-678-467-1463x84946,jesusmaeso-sandbox@pipedrivemail.com,22693865,Jesús Maeso,jesusmaesog@gmail.com,0,,True,22693865,Hicks-Walker,1,22693865,"51334 Walsh Mountains Apt. 863, West Sandrahaven, NV 92768",[],True,jesusmaeso-sandbox@pipedrivemail.com,Jesús Maeso,13
13,13934494,Keith Christensen,Keith,Christensen,1,0,0,0,0,0,0,0,0,0,0,0,1,0,0,0,0,True,"[{'value': '', 'primary': True}]","[{'label': 'work', 'value': '(640)258-6583x3595', 'primary': True}, {'label': 'work', 'value': 'manuelpowell@example.com', 'primary': False}, {'label': 'work', 'value': 'johnjohnson@example.org', 'primary': False}]",k,2024-12-03 10:34:57,,2024-12-03 10:34:54,3,,,,,,,,,,[],"[{'value': '', 'primary': True}]",,,,,,,,,,,,,,,,,Palmer Inc,Jesús Maeso,(640)258-6583x3595,jesusmaeso-sandbox@pipedrivemail.com,22693865,Jesús Maeso,jesusmaesog@gmail.com,0,,True,22693865,Palmer Inc,1,22693865,"9885 Collins Plains, North Kathleen, TX 42179",[],True,jesusmaeso-sandbox@pipedrivemail.com,Jesús Maeso,11
14,13934494,Michael Alvarez,Michael,Alvarez,1,0,0,0,0,0,0,0,0,0,0,0,1,0,0,0,0,True,"[{'value': '', 'primary': True}]","[{'label': 'work', 'value': '212-601-8222x9536', 'primary': True}, {'label': 'work', 'value': 'parkerjoshua@example.com', 'primary': False}, {'label': 'work', 'value': 'anthonywall@example.net', 'primary': False}]",m,2024-12-03 10:34:57,,2024-12-03 10:34:54,3,,,,,,,,,,[],"[{'value': '', 'primary': True}]",,,,,,,,,,,,,,,,,Melendez-Mccormick,Jesús Maeso,212-601-8222x9536,jesusmaeso-sandbox@pipedrivemail.com,22693865,Jesús Maeso,jesusmaesog@gmail.com,0,,True,22693865,Melendez-Mccormick,1,22693865,"05734 Marie Points, Lake Ralphchester, AZ 20079",[],True,jesusmaeso-sandbox@pipedrivemail.com,Jesús Maeso,14
15,13934494,Kristen Grant,Kristen,Grant,1,0,0,0,0,0,0,0,0,0,0,0,1,0,0,0,0,True,"[{'value': '', 'primary': True}]","[{'label': 'work', 'value': '(848)928-5839x36370', 'primary': True}, {'label': 'work', 'value': 'jonathanboyle@example.net', 'primary': False}, {'label': 'work', 'value': 'baileydavid@example.com', 'primary': False}]",k,2024-12-03 10:34:57,,2024-12-03 10:34:54,3,,,,,,,,,,[],"[{'value': '', 'primary': True}]",,,,,,,,,,,,,,,,,Gross-Strickland,Jesús Maeso,(848)928-5839x36370,jesusmaeso-sandbox@pipedrivemail.com,22693865,Jesús Maeso,jesusmaesog@gmail.com,0,,True,22693865,Gross-Strickland,1,22693865,"920 Gina Summit, South Renee, GU 56279",[],True,jesusmaeso-sandbox@pipedrivemail.com,Jesús Maeso,16
16,13934494,Dennis Winters,Dennis,Winters,1,0,0,0,0,0,0,0,0,0,0,0,1,0,0,0,0,True,"[{'value': '', 'primary': True}]","[{'label': 'work', 'value': '001-905-646-9517x1408', 'primary': True}, {'label': 'work', 'value': 'ariana03@example.org', 'primary': False}, {'label': 'work', 'value': 'christopher64@example.net', 'primary': False}]",d,2024-12-03 10:34:57,,2024-12-03 10:34:55,3,,,,,,,,,,[],"[{'value': '', 'primary': True}]",,,,,,,,,,,,,,,,,Carroll Inc,Jesús Maeso,001-905-646-9517x1408,jesusmaeso-sandbox@pipedrivemail.com,22693865,Jesús Maeso,jesusmaesog@gmail.com,0,,True,22693865,Carroll Inc,1,22693865,"17344 Kara Inlet, Roymouth, MS 53353",[],True,jesusmaeso-sandbox@pipedrivemail.com,Jesús Maeso,17
17,13934494,Dana Jones,Dana,Jones,1,0,0,0,0,0,0,0,0,0,0,0,1,0,0,0,0,True,"[{'value': '', 'primary': True}]","[{'label': 'work', 'value': '936.464.0206x31768', 'primary': True}, {'label': 'work', 'value': 'amy93@example.com', 'primary': False}, {'label': 'work', 'value': 'robbinsstephen@example.net', 'primary': False}]",d,2024-12-03 10:34:57,,2024-12-03 10:34:55,3,,,,,,,,,,[],"[{'value': '', 'primary': True}]",,,,,,,,,,,,,,,,,French Ltd,Jesús Maeso,936.464.0206x31768,jesusmaeso-sandbox@pipedrivemail.com,22693865,Jesús Maeso,jesusmaesog@gmail.com,0,,True,22693865,French Ltd,1,22693865,"1688 Jennifer Knoll Suite 906, Floreston, VT 95344",[],True,jesusmaeso-sandbox@pipedrivemail.com,Jesús Maeso,15
18,13934494,Christina Bailey,Christina,Bailey,1,0,0,0,0,0,0,0,0,0,0,0,1,0,0,0,0,True,"[{'value': '', 'primary': True}]","[{'label': 'work', 'value': '803-401-6741x5451', 'primary': True}, {'label': 'work', 'value': 'stoutalexander@example.net', 'primary': False}, {'label': 'work', 'value': 'elliottrandy@example.net', 'primary': False}]",c,2024-12-03 10:34:57,,2024-12-03 10:34:56,3,,,,,,,,,,[],"[{'value': '', 'primary': True}]",,,,,,,,,,,,,,,,,Anderson PLC,Jesús Maeso,803-401-6741x5451,jesusmaeso-sandbox@pipedrivemail.com,22693865,Jesús Maeso,jesusmaesog@gmail.com,0,,True,22693865,Anderson PLC,1,22693865,"64605 Brittany Way Suite 529, Vincentshire, IA 98631",[],True,jesusmaeso-sandbox@pipedrivemail.com,Jesús Maeso,18
19,13934494,Mathew Allison,Mathew,Allison,1,0,0,0,0,0,0,0,0,0,0,0,1,0,0,0,0,True,"[{'value': '', 'primary': True}]","[{'label': 'work', 'value': '826.369.5067x2958', 'primary': True}, {'label': 'work', 'value': 'hayeswilliam@example.net', 'primary': False}, {'label': 'work', 'value': 'amy58@example.net', 'primary': False}]",m,2024-12-03 10:34:59,,2024-12-03 10:34:56,3,,,,,,,,,,[],"[{'value': '', 'primary': True}]",,,,,,,,,,,,,,,,,"Hernandez, Johnson and Nguyen",Jesús Maeso,826.369.5067x2958,jesusmaeso-sandbox@pipedrivemail.com,22693865,Jesús Maeso,jesusmaesog@gmail.com,0,,True,22693865,"Hernandez, Johnson and Nguyen",1,22693865,"8256 Young Crossroad Apt. 646, Kristineport, KS 82020",[],True,jesusmaeso-sandbox@pipedrivemail.com,Jesús Maeso,19
20,13934494,Kristy Terry,Kristy,Terry,1,0,0,0,0,0,0,0,0,0,0,0,1,0,0,0,0,True,"[{'value': '', 'primary': True}]","[{'label': 'work', 'value': '809-397-9607', 'primary': True}, {'label': 'work', 'value': 'oconnellhelen@example.net', 'primary': False}, {'label': 'work', 'value': 'anthony42@example.net', 'primary': False}]",k,2024-12-03 10:34:59,,2024-12-03 10:34:57,3,,,,,,,,,,[],"[{'value': '', 'primary': True}]",,,,,,,,,,,,,,,,,"Love, Morrison and Cook",Jesús Maeso,809-397-9607,jesusmaeso-sandbox@pipedrivemail.com,22693865,Jesús Maeso,jesusmaesog@gmail.com,0,,True,22693865,"Love, Morrison and Cook",1,22693865,"0812 Michael Rue Suite 114, Tinaville, MP 07304",[],True,jesusmaeso-sandbox@pipedrivemail.com,Jesús Maeso,20
21,13934494,Dana Johnson,Dana,Johnson,1,0,0,0,0,0,0,0,0,0,0,0,1,0,0,0,0,True,"[{'value': '', 'primary': True}]","[{'label': 'work', 'value': '476.655.5860x90159', 'primary': True}, {'label': 'work', 'value': 'xchandler@example.com', 'primary': False}, {'label': 'work', 'value': 'samuellee@example.net', 'primary': False}]",d,2024-12-03 10:35:00,,2024-12-03 10:34:57,3,,,,,,,,,,[],"[{'value': '', 'primary': True}]",,,,,,,,,,,,,,,,,"Bailey, Morgan and Dyer",Jesús Maeso,476.655.5860x90159,jesusmaeso-sandbox@pipedrivemail.com,22693865,Jesús Maeso,jesusmaesog@gmail.com,0,,True,22693865,"Bailey, Morgan and Dyer",1,22693865,"186 Moore Extensions, Dawnton, NJ 99660",[],True,jesusmaeso-sandbox@pipedrivemail.com,Jesús Maeso,21
22,13934494,Mary Moss,Mary,Moss,1,0,0,0,0,0,0,0,0,0,0,0,1,0,0,0,0,True,"[{'value': '', 'primary': True}]","[{'label': 'work', 'value': '476-620-2257', 'primary': True}, {'label': 'work', 'value': 'erica64@example.net', 'primary': False}, {'label': 'work', 'value': 'leonardjuan@example.net', 'primary': False}]",m,2024-12-03 10:35:01,,2024-12-03 10:34:58,3,,,,,,,,,,[],"[{'value': '', 'primary': True}]",,,,,,,,,,,,,,,,,Hansen LLC,Jesús Maeso,476-620-2257,jesusmaeso-sandbox@pipedrivemail.com,22693865,Jesús Maeso,jesusmaesog@gmail.com,0,,True,22693865,Hansen LLC,1,22693865,"16902 Kirk Springs, Bradleyside, NM 27216",[],True,jesusmaeso-sandbox@pipedrivemail.com,Jesús Maeso,23
23,13934494,Antonio Smith,Antonio,Smith,1,0,0,0,0,0,0,0,0,0,0,0,1,0,0,0,0,True,"[{'value': '', 'primary': True}]","[{'label': 'work', 'value': '207-828-6708x586', 'primary': True}, {'label': 'work', 'value': 'annettebaker@example.net', 'primary': False}, {'label': 'work', 'value': 'hoffmangeorge@example.org', 'primary': False}]",a,2024-12-03 10:35:00,,2024-12-03 10:34:58,3,,,,,,,,,,[],"[{'value': '', 'primary': True}]",,,,,,,,,,,,,,,,,"Hernandez, Vaughn and Perkins",Jesús Maeso,207-828-6708x586,jesusmaeso-sandbox@pipedrivemail.com,22693865,Jesús Maeso,jesusmaesog@gmail.com,0,,True,22693865,"Hernandez, Vaughn and Perkins",1,22693865,"87887 Long Unions, Kirbyshire, AL 72224",[],True,jesusmaeso-sandbox@pipedrivemail.com,Jesús Maeso,22
24,13934494,Michael Powell,Michael,Powell,1,0,0,0,0,0,0,0,0,0,0,0,1,0,0,0,0,True,"[{'value': '', 'primary': True}]","[{'label': 'work', 'value': '001-918-771-0399', 'primary': True}, {'label': 'work', 'value': 'woodardjustin@example.org', 'primary': False}, {'label': 'work', 'value': 'bennettjennifer@example.com', 'primary': False}]",m,2024-12-03 10:35:01,,2024-12-03 10:34:58,3,,,,,,,,,,[],"[{'value': '', 'primary': True}]",,,,,,,,,,,,,,,,,Holden-Oneill,Jesús Maeso,001-918-771-0399,jesusmaeso-sandbox@pipedrivemail.com,22693865,Jesús Maeso,jesusmaesog@gmail.com,0,,True,22693865,Holden-Oneill,1,22693865,"4827 Robert Dale, Port Travis, WY 64968",[],True,jesusmaeso-sandbox@pipedrivemail.com,Jesús Maeso,24
25,13934494,Ashley Martinez,Ashley,Martinez,1,0,0,0,0,0,0,0,0,0,0,0,1,0,0,0,0,True,"[{'value': '', 'primary': True}]","[{'label': 'work', 'value': '953-302-9865x972', 'primary': True}, {'label': 'work', 'value': 'luis29@example.org', 'primary': False}, {'label': 'work', 'value': 'nnguyen@example.com', 'primary': False}]",a,2024-12-03 10:35:01,,2024-12-03 10:34:59,3,,,,,,,,,,[],"[{'value': '', 'primary': True}]",,,,,,,,,,,,,,,,,"Davis, Johnson and Palmer",Jesús Maeso,953-302-9865x972,jesusmaeso-sandbox@pipedrivemail.com,22693865,Jesús Maeso,jesusmaesog@gmail.com,0,,True,22693865,"Davis, Johnson and Palmer",1,22693865,"4311 Tonya Center Suite 367, South Davidberg, KS 80920",[],True,jesusmaeso-sandbox@pipedrivemail.com,Jesús Maeso,25
26,13934494,David Ray,David,Ray,1,0,0,0,0,0,0,0,0,0,0,0,1,0,0,0,0,True,"[{'value': '', 'primary': True}]","[{'label': 'work', 'value': '311-282-4325', 'primary': True}, {'label': 'work', 'value': 'kennethsanders@example.net', 'primary': False}, {'label': 'work', 'value': 'christine94@example.org', 'primary': False}]",d,2024-12-03 10:35:01,,2024-12-03 10:34:59,3,,,,,,,,,,[],"[{'value': '', 'primary': True}]",,,,,,,,,,,,,,,,,Rios-Rollins,Jesús Maeso,311-282-4325,jesusmaeso-sandbox@pipedrivemail.com,22693865,Jesús Maeso,jesusmaesog@gmail.com,0,,True,22693865,Rios-Rollins,1,22693865,"PSC 5173, Box 3692, APO AA 32791",[],True,jesusmaeso-sandbox@pipedrivemail.com,Jesús Maeso,26
27,13934494,Shawn Rogers,Shawn,Rogers,1,0,0,0,0,0,0,0,0,0,0,0,1,0,0,0,0,True,"[{'value': '', 'primary': True}]","[{'label': 'work', 'value': '+1-688-792-4511x532', 'primary': True}, {'label': 'work', 'value': 'jbrooks@example.net', 'primary': False}, {'label': 'work', 'value': 'strongjay@example.com', 'primary': False}]",s,2024-12-03 10:35:02,,2024-12-03 10:35:00,3,,,,,,,,,,[],"[{'value': '', 'primary': True}]",,,,,,,,,,,,,,,,,Spencer LLC,Jesús Maeso,+1-688-792-4511x532,jesusmaeso-sandbox@pipedrivemail.com,22693865,Jesús Maeso,jesusmaesog@gmail.com,0,,True,22693865,Spencer LLC,1,22693865,"032 Beverly Isle, Tiffanyport, KY 90487",[],True,jesusmaeso-sandbox@pipedrivemail.com,Jesús Maeso,28
28,13934494,Rebekah Garrett,Rebekah,Garrett,1,0,0,0,0,0,0,0,0,0,0,0,1,0,0,0,0,True,"[{'value': '', 'primary': True}]","[{'label': 'work', 'value': '+1-359-963-7026', 'primary': True}, {'label': 'work', 'value': 'ebrown@example.net', 'primary': False}, {'label': 'work', 'value': 'kevin20@example.net', 'primary': False}]",r,2024-12-03 10:35:02,,2024-12-03 10:35:00,3,,,,,,,,,,[],"[{'value': '', 'primary': True}]",,,,,,,,,,,,,,,,,"Bell, Leon and Schmidt",Jesús Maeso,+1-359-963-7026,jesusmaeso-sandbox@pipedrivemail.com,22693865,Jesús Maeso,jesusmaesog@gmail.com,0,,True,22693865,"Bell, Leon and Schmidt",1,22693865,"88107 Amanda Estate Apt. 324, Mirandaberg, PA 33030",[],True,jesusmaeso-sandbox@pipedrivemail.com,Jesús Maeso,27
29,13934494,Amy Holt,Amy,Holt,1,0,0,0,0,0,0,0,0,0,0,0,1,0,0,0,0,True,"[{'value': '', 'primary': True}]","[{'label': 'work', 'value': '+1-703-722-2224x3284', 'primary': True}, {'label': 'work', 'value': 'kempdevin@example.com', 'primary': False}, {'label': 'work', 'value': 'crystalgarza@example.net', 'primary': False}]",a,2024-12-03 10:35:03,,2024-12-03 10:35:00,3,,,,,,,,,,[],"[{'value': '', 'primary': True}]",,,,,,,,,,,,,,,,,"Gomez, Owens and Harris",Jesús Maeso,+1-703-722-2224x3284,jesusmaeso-sandbox@pipedrivemail.com,22693865,Jesús Maeso,jesusmaesog@gmail.com,0,,True,22693865,"Gomez, Owens and Harris",1,22693865,"038 Sean Shoal, New Debbieside, IL 23065",[],True,jesusmaeso-sandbox@pipedrivemail.com,Jesús Maeso,29
30,13934494,Brenda Aguilar,Brenda,Aguilar,1,0,0,0,0,0,0,0,0,0,0,0,1,0,0,0,0,True,"[{'value': '', 'primary': True}]","[{'label': 'work', 'value': '(413)522-5239', 'primary': True}, {'label': 'work', 'value': 'amadden@example.org', 'primary': False}, {'label': 'work', 'value': 'jcline@example.net', 'primary': False}]",b,2024-12-03 10:35:03,,2024-12-03 10:35:01,3,,,,,,,,,,[],"[{'value': '', 'primary': True}]",,,,,,,,,,,,,,,,,"Perez, Jimenez and Fleming",Jesús Maeso,(413)522-5239,jesusmaeso-sandbox@pipedrivemail.com,22693865,Jesús Maeso,jesusmaesog@gmail.com,0,,True,22693865,"Perez, Jimenez and Fleming",1,22693865,"06217 Jay Forge Apt. 073, North Jessicaburgh, OK 35567",[],True,jesusmaeso-sandbox@pipedrivemail.com,Jesús Maeso,30
31,13934494,Douglas Hernandez,Douglas,Hernandez,1,0,0,0,0,0,0,0,0,0,0,0,1,0,0,0,0,True,"[{'value': '', 'primary': True}]","[{'label': 'work', 'value': '001-217-851-4830x44074', 'primary': True}, {'label': 'work', 'value': 'amarsh@example.org', 'primary': False}, {'label': 'work', 'value': 'joshua06@example.com', 'primary': False}]",d,2024-12-03 10:35:03,,2024-12-03 10:35:01,3,,,,,,,,,,[],"[{'value': '', 'primary': True}]",,,,,,,,,,,,,,,,,Clark PLC,Jesús Maeso,001-217-851-4830x44074,jesusmaeso-sandbox@pipedrivemail.com,22693865,Jesús Maeso,jesusmaesog@gmail.com,0,,True,22693865,Clark PLC,1,22693865,"8050 Floyd Groves Suite 222, Elizabethchester, DC 35491",[],True,jesusmaeso-sandbox@pipedrivemail.com,Jesús Maeso,31
32,13934494,Bryan Hunt,Bryan,Hunt,1,0,0,0,0,0,0,0,0,0,0,0,1,0,0,0,0,True,"[{'value': '', 'primary': True}]","[{'label': 'work', 'value': '001-969-534-6626x6329', 'primary': True}, {'label': 'work', 'value': 'lgibson@example.org', 'primary': False}, {'label': 'work', 'value': 'ruizpaul@example.org', 'primary': False}]",b,2024-12-03 10:35:03,,2024-12-03 10:35:01,3,,,,,,,,,,[],"[{'value': '', 'primary': True}]",,,,,,,,,,,,,,,,,Perry Inc,Jesús Maeso,001-969-534-6626x6329,jesusmaeso-sandbox@pipedrivemail.com,22693865,Jesús Maeso,jesusmaesog@gmail.com,0,,True,22693865,Perry Inc,1,22693865,"2624 Wheeler Mews Suite 399, East James, MT 72035",[],True,jesusmaeso-sandbox@pipedrivemail.com,Jesús Maeso,32
33,13934494,Brooke Park,Brooke,Park,1,0,0,0,0,0,0,0,0,0,0,0,1,0,0,0,0,True,"[{'value': '', 'primary': True}]","[{'label': 'work', 'value': '944.929.2448x420', 'primary': True}, {'label': 'work', 'value': 'stewartkevin@example.org', 'primary': False}, {'label': 'work', 'value': 'davismichael@example.net', 'primary': False}]",b,2024-12-03 10:35:05,,2024-12-03 10:35:02,3,,,,,,,,,,[],"[{'value': '', 'primary': True}]",,,,,,,,,,,,,,,,,"Fuller, Wade and Sexton",Jesús Maeso,944.929.2448x420,jesusmaeso-sandbox@pipedrivemail.com,22693865,Jesús Maeso,jesusmaesog@gmail.com,0,,True,22693865,"Fuller, Wade and Sexton",1,22693865,"028 Evans Spur, East Timothytown, IL 14491",[],True,jesusmaeso-sandbox@pipedrivemail.com,Jesús Maeso,35
34,13934494,Darren Rodgers,Darren,Rodgers,1,0,0,0,0,0,0,0,0,0,0,0,1,0,0,0,0,True,"[{'value': '', 'primary': True}]","[{'label': 'work', 'value': '285-372-9818x68071', 'primary': True}, {'label': 'work', 'value': 'max71@example.org', 'primary': False}, {'label': 'work', 'value': 'tammy41@example.org', 'primary': False}]",d,2024-12-03 10:35:05,,2024-12-03 10:35:02,3,,,,,,,,,,[],"[{'value': '', 'primary': True}]",,,,,,,,,,,,,,,,,Bowen-Sanders,Jesús Maeso,285-372-9818x68071,jesusmaeso-sandbox@pipedrivemail.com,22693865,Jesús Maeso,jesusmaesog@gmail.com,0,,True,22693865,Bowen-Sanders,1,22693865,"797 Jerry Village Suite 096, Lake Rogerfurt, OH 48978",[],True,jesusmaeso-sandbox@pipedrivemail.com,Jesús Maeso,36
35,13934494,Shelia Myers,Shelia,Myers,1,0,0,0,0,0,0,0,0,0,0,0,1,0,0,0,0,True,"[{'value': '', 'primary': True}]","[{'label': 'work', 'value': '981-693-4036x7204', 'primary': True}, {'label': 'work', 'value': 'gabriellequinn@example.org', 'primary': False}, {'label': 'work', 'value': 'gouldvictoria@example.org', 'primary': False}]",s,2024-12-03 10:35:05,,2024-12-03 10:35:02,3,,,,,,,,,,[],"[{'value': '', 'primary': True}]",,,,,,,,,,,,,,,,,"Frazier, Curry and Kline",Jesús Maeso,981-693-4036x7204,jesusmaeso-sandbox@pipedrivemail.com,22693865,Jesús Maeso,jesusmaesog@gmail.com,0,,True,22693865,"Frazier, Curry and Kline",1,22693865,"27586 Hernandez Forges Apt. 528, Elliottside, MH 23119",[],True,jesusmaeso-sandbox@pipedrivemail.com,Jesús Maeso,34
36,13934494,Rebecca Flores,Rebecca,Flores,1,0,0,0,0,0,0,0,0,0,0,0,1,0,0,0,0,True,"[{'value': '', 'primary': True}]","[{'label': 'work', 'value': '811.930.7929', 'primary': True}, {'label': 'work', 'value': 'bsalinas@example.org', 'primary': False}, {'label': 'work', 'value': 'sherri27@example.org', 'primary': False}]",r,2024-12-03 10:35:05,,2024-12-03 10:35:02,3,,,,,,,,,,[],"[{'value': '', 'primary': True}]",,,,,,,,,,,,,,,,,Harris-Taylor,Jesús Maeso,811.930.7929,jesusmaeso-sandbox@pipedrivemail.com,22693865,Jesús Maeso,jesusmaesog@gmail.com,0,,True,22693865,Harris-Taylor,1,22693865,"5153 Ariel Streets Suite 702, West Stacey, MP 62143",[],True,jesusmaeso-sandbox@pipedrivemail.com,Jesús Maeso,33
37,13934494,Laura Alexander,Laura,Alexander,1,0,0,0,0,0,0,0,0,0,0,0,1,0,0,0,0,True,"[{'value': '', 'primary': True}]","[{'label': 'work', 'value': '235-860-9587x3251', 'primary': True}, {'label': 'work', 'value': 'bgates@example.org', 'primary': False}, {'label': 'work', 'value': 'lauren46@example.org', 'primary': False}]",l,2024-12-03 10:35:06,,2024-12-03 10:35:03,3,,,,,,,,,,[],"[{'value': '', 'primary': True}]",,,,,,,,,,,,,,,,,"Raymond, Mosley and Hughes",Jesús Maeso,235-860-9587x3251,jesusmaeso-sandbox@pipedrivemail.com,22693865,Jesús Maeso,jesusmaesog@gmail.com,0,,True,22693865,"Raymond, Mosley and Hughes",1,22693865,"61158 Oliver Trail Apt. 576, New Benjamin, ID 97830",[],True,jesusmaeso-sandbox@pipedrivemail.com,Jesús Maeso,37
38,13934494,Angela Lee,Angela,Lee,1,0,0,0,0,0,0,0,0,0,0,0,1,0,0,0,0,True,"[{'value': '', 'primary': True}]","[{'label': 'work', 'value': '001-563-496-3992x04831', 'primary': True}, {'label': 'work', 'value': 'brownmelissa@example.org', 'primary': False}, {'label': 'work', 'value': 'michael62@example.com', 'primary': False}]",a,2024-12-03 10:35:06,,2024-12-03 10:35:04,3,,,,,,,,,,[],"[{'value': '', 'primary': True}]",,,,,,,,,,,,,,,,,Oliver-Campbell,Jesús Maeso,001-563-496-3992x04831,jesusmaeso-sandbox@pipedrivemail.com,22693865,Jesús Maeso,jesusmaesog@gmail.com,0,,True,22693865,Oliver-Campbell,1,22693865,"00675 Miles View, New Kelsey, MH 42338",[],True,jesusmaeso-sandbox@pipedrivemail.com,Jesús Maeso,38
39,13934494,Christopher Gordon,Christopher,Gordon,1,0,0,0,0,0,0,0,0,0,0,0,1,0,0,0,0,True,"[{'value': '', 'primary': True}]","[{'label': 'work', 'value': '+1-714-234-3303x798', 'primary': True}, {'label': 'work', 'value': 'samantha12@example.org', 'primary': False}, {'label': 'work', 'value': 'benjaminhensley@example.com', 'primary': False}]",c,2024-12-03 10:35:07,,2024-12-03 10:35:05,3,,,,,,,,,,[],"[{'value': '', 'primary': True}]",,,,,,,,,,,,,,,,,"Howard, Salazar and Campos",Jesús Maeso,+1-714-234-3303x798,jesusmaeso-sandbox@pipedrivemail.com,22693865,Jesús Maeso,jesusmaesog@gmail.com,0,,True,22693865,"Howard, Salazar and Campos",1,22693865,"272 Padilla Mount Apt. 538, East Ericshire, NV 66963",[],True,jesusmaeso-sandbox@pipedrivemail.com,Jesús Maeso,40
40,13934494,Cynthia Parsons,Cynthia,Parsons,1,0,0,0,0,0,0,0,0,0,0,0,1,0,0,0,0,True,"[{'value': '', 'primary': True}]","[{'label': 'work', 'value': '(989)969-2054', 'primary': True}, {'label': 'work', 'value': 'murrayjohn@example.com', 'primary': False}, {'label': 'work', 'value': 'ashley59@example.org', 'primary': False}]",c,2024-12-03 10:35:07,,2024-12-03 10:35:05,3,,,,,,,,,,[],"[{'value': '', 'primary': True}]",,,,,,,,,,,,,,,,,Garcia PLC,Jesús Maeso,(989)969-2054,jesusmaeso-sandbox@pipedrivemail.com,22693865,Jesús Maeso,jesusmaesog@gmail.com,0,,True,22693865,Garcia PLC,1,22693865,"8705 Benjamin Vista, South Jeremy, FM 03930",[],True,jesusmaeso-sandbox@pipedrivemail.com,Jesús Maeso,41
41,13934494,Alexander Kelly,Alexander,Kelly,1,0,0,0,0,0,0,0,0,0,0,0,1,0,0,0,0,True,"[{'value': '', 'primary': True}]","[{'label': 'work', 'value': '312.952.2740', 'primary': True}, {'label': 'work', 'value': 'hannah69@example.com', 'primary': False}, {'label': 'work', 'value': 'matthew45@example.com', 'primary': False}]",a,2024-12-03 10:35:07,,2024-12-03 10:35:05,3,,,,,,,,,,[],"[{'value': '', 'primary': True}]",,,,,,,,,,,,,,,,,"Mcintosh, Sullivan and Baker",Jesús Maeso,312.952.2740,jesusmaeso-sandbox@pipedrivemail.com,22693865,Jesús Maeso,jesusmaesog@gmail.com,0,,True,22693865,"Mcintosh, Sullivan and Baker",1,22693865,"65805 Kirk Land Apt. 128, Huberburgh, VI 21910",[],True,jesusmaeso-sandbox@pipedrivemail.com,Jesús Maeso,39
42,13934494,Zachary Jackson,Zachary,Jackson,1,0,0,0,0,0,0,0,0,0,0,0,1,0,0,0,0,True,"[{'value': '', 'primary': True}]","[{'label': 'work', 'value': '+1-672-575-1644', 'primary': True}, {'label': 'work', 'value': 'lisaobrien@example.com', 'primary': False}, {'label': 'work', 'value': 'gloversara@example.net', 'primary': False}]",z,2024-12-03 10:35:08,,2024-12-03 10:35:05,3,,,,,,,,,,[],"[{'value': '', 'primary': True}]",,,,,,,,,,,,,,,,,"Miles, Rodriguez and Chan",Jesús Maeso,+1-672-575-1644,jesusmaeso-sandbox@pipedrivemail.com,22693865,Jesús Maeso,jesusmaesog@gmail.com,0,,True,22693865,"Miles, Rodriguez and Chan",1,22693865,"30993 Levy Pines, East Hannahmouth, AS 30694",[],True,jesusmaeso-sandbox@pipedrivemail.com,Jesús Maeso,42
43,13934494,Carolyn Griffith,Carolyn,Griffith,1,0,0,0,0,0,0,0,0,0,0,0,1,0,0,0,0,True,"[{'value': '', 'primary': True}]","[{'label': 'work', 'value': '+1-920-499-3699', 'primary': True}, {'label': 'work', 'value': 'ginadunn@example.org', 'primary': False}, {'label': 'work', 'value': 'william89@example.org', 'primary': False}]",c,2024-12-03 10:35:08,,2024-12-03 10:35:06,3,,,,,,,,,,[],"[{'value': '', 'primary': True}]",,,,,,,,,,,,,,,,,Anderson Ltd,Jesús Maeso,+1-920-499-3699,jesusmaeso-sandbox@pipedrivemail.com,22693865,Jesús Maeso,jesusmaesog@gmail.com,0,,True,22693865,Anderson Ltd,1,22693865,"686 Espinoza Pines Apt. 878, South Eric, DE 32091",[],True,jesusmaeso-sandbox@pipedrivemail.com,Jesús Maeso,43
44,13934494,Charles Matthews,Charles,Matthews,1,0,0,0,0,0,0,0,0,0,0,0,1,0,0,0,0,True,"[{'value': '', 'primary': True}]","[{'label': 'work', 'value': '+1-863-373-7253x69725', 'primary': True}, {'label': 'work', 'value': 'robin60@example.net', 'primary': False}, {'label': 'work', 'value': 'cynthia03@example.org', 'primary': False}]",c,2024-12-03 10:35:08,,2024-12-03 10:35:06,3,,,,,,,,,,[],"[{'value': '', 'primary': True}]",,,,,,,,,,,,,,,,,Cunningham LLC,Jesús Maeso,+1-863-373-7253x69725,jesusmaeso-sandbox@pipedrivemail.com,22693865,Jesús Maeso,jesusmaesog@gmail.com,0,,True,22693865,Cunningham LLC,1,22693865,"737 Janice Prairie Suite 565, Port Matthewton, ID 77376",[],True,jesusmaeso-sandbox@pipedrivemail.com,Jesús Maeso,44
45,13934494,James Flores,James,Flores,1,0,0,0,0,0,0,0,0,0,0,0,1,0,0,0,0,True,"[{'value': '', 'primary': True}]","[{'label': 'work', 'value': '(946)559-7682x346', 'primary': True}, {'label': 'work', 'value': 'diana39@example.org', 'primary': False}, {'label': 'work', 'value': 'scott28@example.net', 'primary': False}]",j,2024-12-03 10:35:09,,2024-12-03 10:35:07,3,,,,,,,,,,[],"[{'value': '', 'primary': True}]",,,,,,,,,,,,,,,,,White-Barrera,Jesús Maeso,(946)559-7682x346,jesusmaeso-sandbox@pipedrivemail.com,22693865,Jesús Maeso,jesusmaesog@gmail.com,0,,True,22693865,White-Barrera,1,22693865,"164 Wendy Crescent Apt. 840, East Katiechester, VA 50929",[],True,jesusmaeso-sandbox@pipedrivemail.com,Jesús Maeso,45
46,13934494,Gregory Jackson,Gregory,Jackson,1,0,0,0,0,0,0,0,0,0,0,0,1,0,0,0,0,True,"[{'value': '', 'primary': True}]","[{'label': 'work', 'value': '3229658672', 'primary': True}, {'label': 'work', 'value': 'tinawood@example.org', 'primary': False}, {'label': 'work', 'value': 'rstevenson@example.net', 'primary': False}]",g,2024-12-03 10:35:09,,2024-12-03 10:35:07,3,,,,,,,,,,[],"[{'value': '', 'primary': True}]",,,,,,,,,,,,,,,,,"Hayes, Wilson and King",Jesús Maeso,3229658672,jesusmaeso-sandbox@pipedrivemail.com,22693865,Jesús Maeso,jesusmaesog@gmail.com,0,,True,22693865,"Hayes, Wilson and King",1,22693865,"99877 Taylor Fields, Lake Courtney, DE 98597",[],True,jesusmaeso-sandbox@pipedrivemail.com,Jesús Maeso,46
47,13934494,Wendy Johnson,Wendy,Johnson,1,0,0,0,0,0,0,0,0,0,0,0,1,0,0,0,0,True,"[{'value': '', 'primary': True}]","[{'label': 'work', 'value': '6038926507', 'primary': True}, {'label': 'work', 'value': 'daughertyrachael@example.org', 'primary': False}, {'label': 'work', 'value': 'martinezshane@example.com', 'primary': False}]",w,2024-12-03 10:35:11,,2024-12-03 10:35:07,3,,,,,,,,,,[],"[{'value': '', 'primary': True}]",,,,,,,,,,,,,,,,,Frazier Ltd,Jesús Maeso,6038926507,jesusmaeso-sandbox@pipedrivemail.com,22693865,Jesús Maeso,jesusmaesog@gmail.com,0,,True,22693865,Frazier Ltd,1,22693865,"279 Cantu Trail Apt. 474, Williamshire, MD 93680",[],True,jesusmaeso-sandbox@pipedrivemail.com,Jesús Maeso,47
48,13934494,Ernest Duncan,Ernest,Duncan,1,0,0,0,0,0,0,0,0,0,0,0,1,0,0,0,0,True,"[{'value': '', 'primary': True}]","[{'label': 'work', 'value': '307-524-0055', 'primary': True}, {'label': 'work', 'value': 'christopher58@example.net', 'primary': False}, {'label': 'work', 'value': 'probinson@example.com', 'primary': False}]",e,2024-12-03 10:35:09,,2024-12-03 10:35:07,3,,,,,,,,,,[],"[{'value': '', 'primary': True}]",,,,,,,,,,,,,,,,,Rodriguez-Gonzales,Jesús Maeso,307-524-0055,jesusmaeso-sandbox@pipedrivemail.com,22693865,Jesús Maeso,jesusmaesog@gmail.com,0,,True,22693865,Rodriguez-Gonzales,1,22693865,"927 Clark Manors, Charlesview, TX 08888",[],True,jesusmaeso-sandbox@pipedrivemail.com,Jesús Maeso,48
49,13934494,Cynthia James,Cynthia,James,1,0,0,0,0,0,0,0,0,0,0,0,1,0,0,0,0,True,"[{'value': '', 'primary': True}]","[{'label': 'work', 'value': '500-825-5845', 'primary': True}, {'label': 'work', 'value': 'charles63@example.net', 'primary': False}, {'label': 'work', 'value': 'grossmichelle@example.com', 'primary': False}]",c,2024-12-03 10:35:11,,2024-12-03 10:35:09,3,,,,,,,,,,[],"[{'value': '', 'primary': True}]",,,,,,,,,,,,,,,,,"Baker, Parker and Chavez",Jesús Maeso,500-825-5845,jesusmaeso-sandbox@pipedrivemail.com,22693865,Jesús Maeso,jesusmaesog@gmail.com,0,,True,22693865,"Baker, Parker and Chavez",1,22693865,"11488 Collier Green, Garrisonbury, IL 15447",[],True,jesusmaeso-sandbox@pipedrivemail.com,Jesús Maeso,50
50,13934494,Richard Ortiz,Richard,Ortiz,1,0,0,0,0,0,0,0,0,0,0,0,1,0,0,0,0,True,"[{'value': '', 'primary': True}]","[{'label': 'work', 'value': '918.626.4139', 'primary': True}, {'label': 'work', 'value': 'ohernandez@example.net', 'primary': False}, {'label': 'work', 'value': 'troy01@example.com', 'primary': False}]",r,2024-12-03 10:35:11,,2024-12-03 10:35:09,3,,,,,,,,,,[],"[{'value': '', 'primary': True}]",,,,,,,,,,,,,,,,,"Williams, Lopez and Navarro",Jesús Maeso,918.626.4139,jesusmaeso-sandbox@pipedrivemail.com,22693865,Jesús Maeso,jesusmaesog@gmail.com,0,,True,22693865,"Williams, Lopez and Navarro",1,22693865,"98662 Donna Burgs Apt. 371, Kaylaton, NY 30107",[],True,jesusmaeso-sandbox@pipedrivemail.com,Jesús Maeso,49
51,13934494,Ann Ramirez,Ann,Ramirez,1,0,0,0,0,0,0,0,0,0,0,0,1,0,0,0,0,True,"[{'value': '', 'primary': True}]","[{'label': 'work', 'value': '(242)457-7421x97446', 'primary': True}, {'label': 'work', 'value': 'christopher15@example.org', 'primary': False}, {'label': 'work', 'value': 'shawn29@example.org', 'primary': False}]",a,2024-12-03 10:35:11,,2024-12-03 10:35:09,3,,,,,,,,,,[],"[{'value': '', 'primary': True}]",,,,,,,,,,,,,,,,,Gross and Sons,Jesús Maeso,(242)457-7421x97446,jesusmaeso-sandbox@pipedrivemail.com,22693865,Jesús Maeso,jesusmaesog@gmail.com,0,,True,22693865,Gross and Sons,1,22693865,"USS Garner, FPO AP 91851",[],True,jesusmaeso-sandbox@pipedrivemail.com,Jesús Maeso,52
52,13934494,Henry Coleman,Henry,Coleman,1,0,0,0,0,0,0,0,0,0,0,0,1,0,0,0,0,True,"[{'value': '', 'primary': True}]","[{'label': 'work', 'value': '001-755-857-1700x34648', 'primary': True}, {'label': 'work', 'value': 'shawbrandon@example.net', 'primary': False}, {'label': 'work', 'value': 'chelsea63@example.com', 'primary': False}]",h,2024-12-03 10:35:11,,2024-12-03 10:35:09,3,,,,,,,,,,[],"[{'value': '', 'primary': True}]",,,,,,,,,,,,,,,,,"Nguyen, Perez and Parsons",Jesús Maeso,001-755-857-1700x34648,jesusmaeso-sandbox@pipedrivemail.com,22693865,Jesús Maeso,jesusmaesog@gmail.com,0,,True,22693865,"Nguyen, Perez and Parsons",1,22693865,"PSC 1447, Box 5783, APO AA 06581",[],True,jesusmaeso-sandbox@pipedrivemail.com,Jesús Maeso,51
53,13934494,Marcus Harris,Marcus,Harris,1,0,0,0,0,0,0,0,0,0,0,0,1,0,0,0,0,True,"[{'value': '', 'primary': True}]","[{'label': 'work', 'value': '+1-677-596-1808x34303', 'primary': True}, {'label': 'work', 'value': 'pbarnes@example.com', 'primary': False}, {'label': 'work', 'value': 'vwaters@example.net', 'primary': False}]",m,2024-12-03 10:35:11,,2024-12-03 10:35:09,3,,,,,,,,,,[],"[{'value': '', 'primary': True}]",,,,,,,,,,,,,,,,,Bridges LLC,Jesús Maeso,+1-677-596-1808x34303,jesusmaeso-sandbox@pipedrivemail.com,22693865,Jesús Maeso,jesusmaesog@gmail.com,0,,True,22693865,Bridges LLC,1,22693865,"0722 Christopher Street, Cassandraport, MT 03374",[],True,jesusmaeso-sandbox@pipedrivemail.com,Jesús Maeso,53
54,13934494,Cole Combs,Cole,Combs,1,0,0,0,0,0,0,0,0,0,0,0,1,0,0,0,0,True,"[{'value': '', 'primary': True}]","[{'label': 'work', 'value': '657-401-1686x6167', 'primary': True}, {'label': 'work', 'value': 'vboyer@example.com', 'primary': False}, {'label': 'work', 'value': 'kathyvincent@example.net', 'primary': False}]",c,2024-12-03 10:35:12,,2024-12-03 10:35:10,3,,,,,,,,,,[],"[{'value': '', 'primary': True}]",,,,,,,,,,,,,,,,,Jennings-Carey,Jesús Maeso,657-401-1686x6167,jesusmaeso-sandbox@pipedrivemail.com,22693865,Jesús Maeso,jesusmaesog@gmail.com,0,,True,22693865,Jennings-Carey,1,22693865,"3361 Stevens Extension Apt. 627, Kennethchester, AR 01028",[],True,jesusmaeso-sandbox@pipedrivemail.com,Jesús Maeso,54
55,13934494,Robert Johnson,Robert,Johnson,1,0,0,0,0,0,0,0,0,0,0,0,1,0,0,0,0,True,"[{'value': '', 'primary': True}]","[{'label': 'work', 'value': '+1-484-887-3463', 'primary': True}, {'label': 'work', 'value': 'hurstdawn@example.org', 'primary': False}, {'label': 'work', 'value': 'mackenzie17@example.org', 'primary': False}]",r,2024-12-03 10:35:13,,2024-12-03 10:35:11,3,,,,,,,,,,[],"[{'value': '', 'primary': True}]",,,,,,,,,,,,,,,,,Caldwell-Graves,Jesús Maeso,+1-484-887-3463,jesusmaeso-sandbox@pipedrivemail.com,22693865,Jesús Maeso,jesusmaesog@gmail.com,0,,True,22693865,Caldwell-Graves,1,22693865,"USS Webb, FPO AP 91390",[],True,jesusmaeso-sandbox@pipedrivemail.com,Jesús Maeso,56
56,13934494,Elizabeth Barnett,Elizabeth,Barnett,1,0,0,0,0,0,0,0,0,0,0,0,1,0,0,0,0,True,"[{'value': '', 'primary': True}]","[{'label': 'work', 'value': '(701)393-1967x75630', 'primary': True}, {'label': 'work', 'value': 'johnsonalan@example.net', 'primary': False}, {'label': 'work', 'value': 'bcooper@example.org', 'primary': False}]",e,2024-12-03 10:35:14,,2024-12-03 10:35:11,3,,,,,,,,,,[],"[{'value': '', 'primary': True}]",,,,,,,,,,,,,,,,,Johnson Group,Jesús Maeso,(701)393-1967x75630,jesusmaeso-sandbox@pipedrivemail.com,22693865,Jesús Maeso,jesusmaesog@gmail.com,0,,True,22693865,Johnson Group,1,22693865,"78513 Tanner Springs, Danielton, MI 77082",[],True,jesusmaeso-sandbox@pipedrivemail.com,Jesús Maeso,55
57,13934494,David Conrad,David,Conrad,1,0,0,0,0,0,0,0,0,0,0,0,1,0,0,0,0,True,"[{'value': '', 'primary': True}]","[{'label': 'work', 'value': '733-841-2856', 'primary': True}, {'label': 'work', 'value': 'pwest@example.org', 'primary': False}, {'label': 'work', 'value': 'daniellivingston@example.com', 'primary': False}]",d,2024-12-03 10:35:14,,2024-12-03 10:35:11,3,,,,,,,,,,[],"[{'value': '', 'primary': True}]",,,,,,,,,,,,,,,,,Watson-Wilson,Jesús Maeso,733-841-2856,jesusmaeso-sandbox@pipedrivemail.com,22693865,Jesús Maeso,jesusmaesog@gmail.com,0,,True,22693865,Watson-Wilson,1,22693865,"1473 Smith Pass, New Tina, NH 39615",[],True,jesusmaeso-sandbox@pipedrivemail.com,Jesús Maeso,57
58,13934494,Tiffany Garcia,Tiffany,Garcia,1,0,0,0,0,0,0,0,0,0,0,0,1,0,0,0,0,True,"[{'value': '', 'primary': True}]","[{'label': 'work', 'value': '410-296-0278x836', 'primary': True}, {'label': 'work', 'value': 'matthew93@example.net', 'primary': False}, {'label': 'work', 'value': 'robertwilson@example.com', 'primary': False}]",t,2024-12-03 10:35:14,,2024-12-03 10:35:12,3,,,,,,,,,,[],"[{'value': '', 'primary': True}]",,,,,,,,,,,,,,,,,Meyer Group,Jesús Maeso,410-296-0278x836,jesusmaeso-sandbox@pipedrivemail.com,22693865,Jesús Maeso,jesusmaesog@gmail.com,0,,True,22693865,Meyer Group,1,22693865,"247 Byrd Expressway, Lindachester, DC 28949",[],True,jesusmaeso-sandbox@pipedrivemail.com,Jesús Maeso,58
59,13934494,Louis Roberts,Louis,Roberts,1,0,0,0,0,0,0,0,0,0,0,0,1,0,0,0,0,True,"[{'value': '', 'primary': True}]","[{'label': 'work', 'value': '+1-446-694-3439x14503', 'primary': True}, {'label': 'work', 'value': 'hhardy@example.com', 'primary': False}, {'label': 'work', 'value': 'gravesnancy@example.com', 'primary': False}]",l,2024-12-03 10:35:14,,2024-12-03 10:35:12,3,,,,,,,,,,[],"[{'value': '', 'primary': True}]",,,,,,,,,,,,,,,,,Everett-Chung,Jesús Maeso,+1-446-694-3439x14503,jesusmaeso-sandbox@pipedrivemail.com,22693865,Jesús Maeso,jesusmaesog@gmail.com,0,,True,22693865,Everett-Chung,1,22693865,"053 Randall Crossroad Suite 026, Toddtown, NV 39761",[],True,jesusmaeso-sandbox@pipedrivemail.com,Jesús Maeso,59
60,13934494,Hannah Carson,Hannah,Carson,1,0,0,0,0,0,0,0,0,0,0,0,1,0,0,0,0,True,"[{'value': '', 'primary': True}]","[{'label': 'work', 'value': '(587)896-3362x051', 'primary': True}, {'label': 'work', 'value': 'amber78@example.org', 'primary': False}, {'label': 'work', 'value': 'cynthiabaker@example.net', 'primary': False}]",h,2024-12-03 10:35:15,,2024-12-03 10:35:13,3,,,,,,,,,,[],"[{'value': '', 'primary': True}]",,,,,,,,,,,,,,,,,"Drake, Montgomery and Riley",Jesús Maeso,(587)896-3362x051,jesusmaeso-sandbox@pipedrivemail.com,22693865,Jesús Maeso,jesusmaesog@gmail.com,0,,True,22693865,"Drake, Montgomery and Riley",1,22693865,"170 Joseph Junction, Lake Ryan, FM 32064",[],True,jesusmaeso-sandbox@pipedrivemail.com,Jesús Maeso,61
61,13934494,Nicholas Chan,Nicholas,Chan,1,0,0,0,0,0,0,0,0,0,0,0,1,0,0,0,0,True,"[{'value': '', 'primary': True}]","[{'label': 'work', 'value': '+1-956-260-2165x03250', 'primary': True}, {'label': 'work', 'value': 'abigail41@example.net', 'primary': False}, {'label': 'work', 'value': 'greenpam@example.net', 'primary': False}]",n,2024-12-03 10:35:16,,2024-12-03 10:35:13,3,,,,,,,,,,[],"[{'value': '', 'primary': True}]",,,,,,,,,,,,,,,,,Hart-Ramsey,Jesús Maeso,+1-956-260-2165x03250,jesusmaeso-sandbox@pipedrivemail.com,22693865,Jesús Maeso,jesusmaesog@gmail.com,0,,True,22693865,Hart-Ramsey,1,22693865,"73687 Taylor Course Apt. 176, New Kellyville, ID 07056",[],True,jesusmaeso-sandbox@pipedrivemail.com,Jesús Maeso,62
62,13934494,Karen Mitchell,Karen,Mitchell,1,0,0,0,0,0,0,0,0,0,0,0,1,0,0,0,0,True,"[{'value': '', 'primary': True}]","[{'label': 'work', 'value': '001-382-289-5579x53659', 'primary': True}, {'label': 'work', 'value': 'martinjesus@example.org', 'primary': False}, {'label': 'work', 'value': 'wendyparker@example.org', 'primary': False}]",k,2024-12-03 10:35:17,,2024-12-03 10:35:13,3,,,,,,,,,,[],"[{'value': '', 'primary': True}]",,,,,,,,,,,,,,,,,Ward and Sons,Jesús Maeso,001-382-289-5579x53659,jesusmaeso-sandbox@pipedrivemail.com,22693865,Jesús Maeso,jesusmaesog@gmail.com,0,,True,22693865,Ward and Sons,1,22693865,"182 Johnson Land Apt. 302, Owenshaven, HI 98162",[],True,jesusmaeso-sandbox@pipedrivemail.com,Jesús Maeso,60
63,13934494,Patricia Hanson,Patricia,Hanson,1,0,0,0,0,0,0,0,0,0,0,0,1,0,0,0,0,True,"[{'value': '', 'primary': True}]","[{'label': 'work', 'value': '001-497-723-7403x747', 'primary': True}, {'label': 'work', 'value': 'bowersalfred@example.com', 'primary': False}, {'label': 'work', 'value': 'goodmantyler@example.org', 'primary': False}]",p,2024-12-03 10:35:16,,2024-12-03 10:35:13,3,,,,,,,,,,[],"[{'value': '', 'primary': True}]",,,,,,,,,,,,,,,,,"Gilmore, Vasquez and Andrews",Jesús Maeso,001-497-723-7403x747,jesusmaeso-sandbox@pipedrivemail.com,22693865,Jesús Maeso,jesusmaesog@gmail.com,0,,True,22693865,"Gilmore, Vasquez and Andrews",1,22693865,"25265 Tina Locks Suite 470, Brittanyfurt, NY 24158",[],True,jesusmaeso-sandbox@pipedrivemail.com,Jesús Maeso,63
64,13934494,Bob Houston,Bob,Houston,1,0,0,0,0,0,0,0,0,0,0,0,1,0,0,0,0,True,"[{'value': '', 'primary': True}]","[{'label': 'work', 'value': '+1-253-830-2700x271', 'primary': True}, {'label': 'work', 'value': 'fieldsmary@example.net', 'primary': False}, {'label': 'work', 'value': 'hannahmccann@example.org', 'primary': False}]",b,2024-12-03 10:35:17,,2024-12-03 10:35:14,3,,,,,,,,,,[],"[{'value': '', 'primary': True}]",,,,,,,,,,,,,,,,,"Anderson, Wilson and Moore",Jesús Maeso,+1-253-830-2700x271,jesusmaeso-sandbox@pipedrivemail.com,22693865,Jesús Maeso,jesusmaesog@gmail.com,0,,True,22693865,"Anderson, Wilson and Moore",1,22693865,"USNV Harrell, FPO AP 97228",[],True,jesusmaeso-sandbox@pipedrivemail.com,Jesús Maeso,64
65,13934494,Alex Weaver,Alex,Weaver,1,0,0,0,0,0,0,0,0,0,0,0,1,0,0,0,0,True,"[{'value': '', 'primary': True}]","[{'label': 'work', 'value': '(593)903-1137x6819', 'primary': True}, {'label': 'work', 'value': 'annawilliams@example.net', 'primary': False}, {'label': 'work', 'value': 'johnsontiffany@example.org', 'primary': False}]",a,2024-12-03 10:35:17,,2024-12-03 10:35:15,3,,,,,,,,,,[],"[{'value': '', 'primary': True}]",,,,,,,,,,,,,,,,,Smith-Rice,Jesús Maeso,(593)903-1137x6819,jesusmaeso-sandbox@pipedrivemail.com,22693865,Jesús Maeso,jesusmaesog@gmail.com,0,,True,22693865,Smith-Rice,1,22693865,"96387 Strickland Well, New Jamesmouth, NH 94209",[],True,jesusmaeso-sandbox@pipedrivemail.com,Jesús Maeso,65
66,13934494,Jeffrey Berry,Jeffrey,Berry,1,0,0,0,0,0,0,0,0,0,0,0,1,0,0,0,0,True,"[{'value': '', 'primary': True}]","[{'label': 'work', 'value': '001-466-814-4148x8300', 'primary': True}, {'label': 'work', 'value': 'taylorrachel@example.net', 'primary': False}, {'label': 'work', 'value': 'jennawalters@example.org', 'primary': False}]",j,2024-12-03 10:35:18,,2024-12-03 10:35:15,3,,,,,,,,,,[],"[{'value': '', 'primary': True}]",,,,,,,,,,,,,,,,,Hart Group,Jesús Maeso,001-466-814-4148x8300,jesusmaeso-sandbox@pipedrivemail.com,22693865,Jesús Maeso,jesusmaesog@gmail.com,0,,True,22693865,Hart Group,1,22693865,"29695 Elizabeth Rapid, Brooksborough, RI 37348",[],True,jesusmaeso-sandbox@pipedrivemail.com,Jesús Maeso,66
67,13934494,Brian Jimenez,Brian,Jimenez,1,0,0,0,0,0,0,0,0,0,0,0,1,0,0,0,0,True,"[{'value': '', 'primary': True}]","[{'label': 'work', 'value': '640-963-5457x71513', 'primary': True}, {'label': 'work', 'value': 'angela27@example.net', 'primary': False}, {'label': 'work', 'value': 'marcusmarshall@example.com', 'primary': False}]",b,2024-12-03 10:35:18,,2024-12-03 10:35:16,3,,,,,,,,,,[],"[{'value': '', 'primary': True}]",,,,,,,,,,,,,,,,,"Brooks, Norton and Perry",Jesús Maeso,640-963-5457x71513,jesusmaeso-sandbox@pipedrivemail.com,22693865,Jesús Maeso,jesusmaesog@gmail.com,0,,True,22693865,"Brooks, Norton and Perry",1,22693865,"627 Garcia Extension, Wardshire, PR 20829",[],True,jesusmaeso-sandbox@pipedrivemail.com,Jesús Maeso,67
68,13934494,Whitney Price,Whitney,Price,1,0,0,0,0,0,0,0,0,0,0,0,1,0,0,0,0,True,"[{'value': '', 'primary': True}]","[{'label': 'work', 'value': '906-942-4756x034', 'primary': True}, {'label': 'work', 'value': 'charlescrosby@example.org', 'primary': False}, {'label': 'work', 'value': 'bhahn@example.com', 'primary': False}]",w,2024-12-03 10:35:18,,2024-12-03 10:35:16,3,,,,,,,,,,[],"[{'value': '', 'primary': True}]",,,,,,,,,,,,,,,,,Spears-Case,Jesús Maeso,906-942-4756x034,jesusmaeso-sandbox@pipedrivemail.com,22693865,Jesús Maeso,jesusmaesog@gmail.com,0,,True,22693865,Spears-Case,1,22693865,"84036 Blake Road Apt. 524, East Jeremy, LA 16971",[],True,jesusmaeso-sandbox@pipedrivemail.com,Jesús Maeso,68
69,13934494,Michael Blair,Michael,Blair,1,0,0,0,0,0,0,0,0,0,0,0,1,0,0,0,0,True,"[{'value': '', 'primary': True}]","[{'label': 'work', 'value': '4984181980', 'primary': True}, {'label': 'work', 'value': 'elizabethscott@example.org', 'primary': False}, {'label': 'work', 'value': 'bryan34@example.com', 'primary': False}]",m,2024-12-03 10:35:18,,2024-12-03 10:35:16,3,,,,,,,,,,[],"[{'value': '', 'primary': True}]",,,,,,,,,,,,,,,,,Romero-Campos,Jesús Maeso,4984181980,jesusmaeso-sandbox@pipedrivemail.com,22693865,Jesús Maeso,jesusmaesog@gmail.com,0,,True,22693865,Romero-Campos,1,22693865,"710 Walsh Stravenue, Carterstad, KY 87332",[],True,jesusmaeso-sandbox@pipedrivemail.com,Jesús Maeso,69
70,13934494,Albert Jones,Albert,Jones,1,0,0,0,0,0,0,0,0,0,0,0,1,0,0,0,0,True,"[{'value': '', 'primary': True}]","[{'label': 'work', 'value': '403.806.1733', 'primary': True}, {'label': 'work', 'value': 'cadkins@example.net', 'primary': False}, {'label': 'work', 'value': 'cookelance@example.com', 'primary': False}]",a,2024-12-03 10:35:20,,2024-12-03 10:35:17,3,,,,,,,,,,[],"[{'value': '', 'primary': True}]",,,,,,,,,,,,,,,,,Johnson-Smith,Jesús Maeso,403.806.1733,jesusmaeso-sandbox@pipedrivemail.com,22693865,Jesús Maeso,jesusmaesog@gmail.com,0,,True,22693865,Johnson-Smith,1,22693865,"56919 Casey Unions Suite 077, Jordanfort, DE 17345",[],True,jesusmaeso-sandbox@pipedrivemail.com,Jesús Maeso,70
71,13934494,Edward Mcdonald,Edward,Mcdonald,1,0,0,0,0,0,0,0,0,0,0,0,1,0,0,0,0,True,"[{'value': '', 'primary': True}]","[{'label': 'work', 'value': '001-950-775-7858x180', 'primary': True}, {'label': 'work', 'value': 'carlabaker@example.net', 'primary': False}, {'label': 'work', 'value': 'adamspam@example.com', 'primary': False}]",e,2024-12-03 10:35:20,,2024-12-03 10:35:17,3,,,,,,,,,,[],"[{'value': '', 'primary': True}]",,,,,,,,,,,,,,,,,Robbins and Sons,Jesús Maeso,001-950-775-7858x180,jesusmaeso-sandbox@pipedrivemail.com,22693865,Jesús Maeso,jesusmaesog@gmail.com,0,,True,22693865,Robbins and Sons,1,22693865,"661 Nicole Islands, Diazfurt, PW 71014",[],True,jesusmaeso-sandbox@pipedrivemail.com,Jesús Maeso,71
72,13934494,James Stark,James,Stark,1,0,0,0,0,0,0,0,0,0,0,0,1,0,0,0,0,True,"[{'value': '', 'primary': True}]","[{'label': 'work', 'value': '(698)673-1906', 'primary': True}, {'label': 'work', 'value': 'stephanie14@example.com', 'primary': False}, {'label': 'work', 'value': 'brianfrey@example.org', 'primary': False}]",j,2024-12-03 10:35:20,,2024-12-03 10:35:18,3,,,,,,,,,,[],"[{'value': '', 'primary': True}]",,,,,,,,,,,,,,,,,"Tucker, Rogers and Padilla",Jesús Maeso,(698)673-1906,jesusmaeso-sandbox@pipedrivemail.com,22693865,Jesús Maeso,jesusmaesog@gmail.com,0,,True,22693865,"Tucker, Rogers and Padilla",1,22693865,"44400 Williams Coves, Lake Andrea, NM 88514",[],True,jesusmaeso-sandbox@pipedrivemail.com,Jesús Maeso,72
73,13934494,Connor Harper,Connor,Harper,1,0,0,0,0,0,0,0,0,0,0,0,1,0,0,0,0,True,"[{'value': '', 'primary': True}]","[{'label': 'work', 'value': '(947)645-1761x1958', 'primary': True}, {'label': 'work', 'value': 'charles38@example.com', 'primary': False}, {'label': 'work', 'value': 'joshuadouglas@example.com', 'primary': False}]",c,2024-12-03 10:35:21,,2024-12-03 10:35:18,3,,,,,,,,,,[],"[{'value': '', 'primary': True}]",,,,,,,,,,,,,,,,,Schwartz PLC,Jesús Maeso,(947)645-1761x1958,jesusmaeso-sandbox@pipedrivemail.com,22693865,Jesús Maeso,jesusmaesog@gmail.com,0,,True,22693865,Schwartz PLC,1,22693865,"122 Lewis Port, Michaelland, CO 41932",[],True,jesusmaeso-sandbox@pipedrivemail.com,Jesús Maeso,73
74,13934494,Molly Estes,Molly,Estes,1,0,0,0,0,0,0,0,0,0,0,0,1,0,0,0,0,True,"[{'value': '', 'primary': True}]","[{'label': 'work', 'value': '(266)711-3696', 'primary': True}, {'label': 'work', 'value': 'walkerderrick@example.com', 'primary': False}, {'label': 'work', 'value': 'amandabartlett@example.com', 'primary': False}]",m,2024-12-03 10:35:20,,2024-12-03 10:35:18,3,,,,,,,,,,[],"[{'value': '', 'primary': True}]",,,,,,,,,,,,,,,,,Ruiz-Parker,Jesús Maeso,(266)711-3696,jesusmaeso-sandbox@pipedrivemail.com,22693865,Jesús Maeso,jesusmaesog@gmail.com,0,,True,22693865,Ruiz-Parker,1,22693865,"057 Chambers Camp, South Rebecca, MH 40997",[],True,jesusmaeso-sandbox@pipedrivemail.com,Jesús Maeso,75
75,13934494,Chelsea Michael,Chelsea,Michael,1,0,0,0,0,0,0,0,0,0,0,0,1,0,0,0,0,True,"[{'value': '', 'primary': True}]","[{'label': 'work', 'value': '630-561-9406', 'primary': True}, {'label': 'work', 'value': 'michaelcochran@example.org', 'primary': False}, {'label': 'work', 'value': 'dalecampbell@example.com', 'primary': False}]",c,2024-12-03 10:35:21,,2024-12-03 10:35:18,3,,,,,,,,,,[],"[{'value': '', 'primary': True}]",,,,,,,,,,,,,,,,,Walker Inc,Jesús Maeso,630-561-9406,jesusmaeso-sandbox@pipedrivemail.com,22693865,Jesús Maeso,jesusmaesog@gmail.com,0,,True,22693865,Walker Inc,1,22693865,"PSC 0704, Box 4515, APO AP 28589",[],True,jesusmaeso-sandbox@pipedrivemail.com,Jesús Maeso,74
76,13934494,Joel Schwartz,Joel,Schwartz,1,0,0,0,0,0,0,0,0,0,0,0,1,0,0,0,0,True,"[{'value': '', 'primary': True}]","[{'label': 'work', 'value': '(823)540-2962x840', 'primary': True}, {'label': 'work', 'value': 'russellhelen@example.org', 'primary': False}, {'label': 'work', 'value': 'christiancobb@example.org', 'primary': False}]",j,2024-12-03 10:35:21,,2024-12-03 10:35:19,3,,,,,,,,,,[],"[{'value': '', 'primary': True}]",,,,,,,,,,,,,,,,,"Figueroa, Williams and Morgan",Jesús Maeso,(823)540-2962x840,jesusmaeso-sandbox@pipedrivemail.com,22693865,Jesús Maeso,jesusmaesog@gmail.com,0,,True,22693865,"Figueroa, Williams and Morgan",1,22693865,"131 Moss Prairie, Williamsshire, IL 31603",[],True,jesusmaeso-sandbox@pipedrivemail.com,Jesús Maeso,76
77,13934494,Jillian Garrison,Jillian,Garrison,1,0,0,0,0,0,0,0,0,0,0,0,1,0,0,0,0,True,"[{'value': '', 'primary': True}]","[{'label': 'work', 'value': '+1-736-942-8051x67455', 'primary': True}, {'label': 'work', 'value': 'kfernandez@example.com', 'primary': False}, {'label': 'work', 'value': 'ejames@example.com', 'primary': False}]",j,2024-12-03 10:35:22,,2024-12-03 10:35:20,3,,,,,,,,,,[],"[{'value': '', 'primary': True}]",,,,,,,,,,,,,,,,,Freeman PLC,Jesús Maeso,+1-736-942-8051x67455,jesusmaeso-sandbox@pipedrivemail.com,22693865,Jesús Maeso,jesusmaesog@gmail.com,0,,True,22693865,Freeman PLC,1,22693865,"9489 Craig Crossing Suite 649, Susanbury, GU 68923",[],True,jesusmaeso-sandbox@pipedrivemail.com,Jesús Maeso,77
78,13934494,Thomas Gregory,Thomas,Gregory,1,0,0,0,0,0,0,0,0,0,0,0,1,0,0,0,0,True,"[{'value': '', 'primary': True}]","[{'label': 'work', 'value': '001-796-707-0418x0694', 'primary': True}, {'label': 'work', 'value': 'ipatton@example.com', 'primary': False}, {'label': 'work', 'value': 'orivera@example.com', 'primary': False}]",t,2024-12-03 10:35:22,,2024-12-03 10:35:20,3,,,,,,,,,,[],"[{'value': '', 'primary': True}]",,,,,,,,,,,,,,,,,Flowers PLC,Jesús Maeso,001-796-707-0418x0694,jesusmaeso-sandbox@pipedrivemail.com,22693865,Jesús Maeso,jesusmaesog@gmail.com,0,,True,22693865,Flowers PLC,1,22693865,"75014 Alice Wall Apt. 404, Port Howard, MH 84884",[],True,jesusmaeso-sandbox@pipedrivemail.com,Jesús Maeso,78
79,13934494,Johnathan Romero,Johnathan,Romero,1,0,0,0,0,0,0,0,0,0,0,0,1,0,0,0,0,True,"[{'value': '', 'primary': True}]","[{'label': 'work', 'value': '(567)636-0656x7894', 'primary': True}, {'label': 'work', 'value': 'sarah16@example.org', 'primary': False}, {'label': 'work', 'value': 'itorres@example.com', 'primary': False}]",j,2024-12-03 10:35:23,,2024-12-03 10:35:20,3,,,,,,,,,,[],"[{'value': '', 'primary': True}]",,,,,,,,,,,,,,,,,"Wall, Mendoza and Whitehead",Jesús Maeso,(567)636-0656x7894,jesusmaeso-sandbox@pipedrivemail.com,22693865,Jesús Maeso,jesusmaesog@gmail.com,0,,True,22693865,"Wall, Mendoza and Whitehead",1,22693865,"32191 Bradley Road Apt. 328, Richardchester, FM 37923",[],True,jesusmaeso-sandbox@pipedrivemail.com,Jesús Maeso,79
80,13934494,Jennifer Berry,Jennifer,Berry,1,0,0,0,0,0,0,0,0,0,0,0,1,0,0,0,0,True,"[{'value': '', 'primary': True}]","[{'label': 'work', 'value': '313-437-1796x2000', 'primary': True}, {'label': 'work', 'value': 'katherine31@example.com', 'primary': False}, {'label': 'work', 'value': 'osmith@example.org', 'primary': False}]",j,2024-12-03 10:35:23,,2024-12-03 10:35:22,3,,,,,,,,,,[],"[{'value': '', 'primary': True}]",,,,,,,,,,,,,,,,,"Moore, Armstrong and Perez",Jesús Maeso,313-437-1796x2000,jesusmaeso-sandbox@pipedrivemail.com,22693865,Jesús Maeso,jesusmaesog@gmail.com,0,,True,22693865,"Moore, Armstrong and Perez",1,22693865,"612 Carter Fields, New Derek, CO 52717",[],True,jesusmaeso-sandbox@pipedrivemail.com,Jesús Maeso,82
81,13934494,Angela Mills,Angela,Mills,1,0,0,0,0,0,0,0,0,0,0,0,1,0,0,0,0,True,"[{'value': '', 'primary': True}]","[{'label': 'work', 'value': '(532)687-1294', 'primary': True}, {'label': 'work', 'value': 'yhubbard@example.com', 'primary': False}, {'label': 'work', 'value': 'paige77@example.org', 'primary': False}]",a,2024-12-03 10:35:23,,2024-12-03 10:35:22,3,,,,,,,,,,[],"[{'value': '', 'primary': True}]",,,,,,,,,,,,,,,,,Joyce Ltd,Jesús Maeso,(532)687-1294,jesusmaeso-sandbox@pipedrivemail.com,22693865,Jesús Maeso,jesusmaesog@gmail.com,0,,True,22693865,Joyce Ltd,1,22693865,"5079 Lisa Mission, Erinfurt, GA 59470",[],True,jesusmaeso-sandbox@pipedrivemail.com,Jesús Maeso,80
82,13934494,Julie Wilson,Julie,Wilson,1,0,0,0,0,0,0,0,0,0,0,0,1,0,0,0,0,True,"[{'value': '', 'primary': True}]","[{'label': 'work', 'value': '605-282-7579', 'primary': True}, {'label': 'work', 'value': 'leslie25@example.net', 'primary': False}, {'label': 'work', 'value': 'josephedwards@example.org', 'primary': False}]",j,2024-12-03 10:35:23,,2024-12-03 10:35:22,3,,,,,,,,,,[],"[{'value': '', 'primary': True}]",,,,,,,,,,,,,,,,,"Ward, Cantrell and Faulkner",Jesús Maeso,605-282-7579,jesusmaeso-sandbox@pipedrivemail.com,22693865,Jesús Maeso,jesusmaesog@gmail.com,0,,True,22693865,"Ward, Cantrell and Faulkner",1,22693865,"5010 Waters Vista Apt. 853, Port Kristinbury, MI 71433",[],True,jesusmaeso-sandbox@pipedrivemail.com,Jesús Maeso,81
83,13934494,Elijah Gonzalez,Elijah,Gonzalez,1,0,0,0,0,0,0,0,0,0,0,0,1,0,0,0,0,True,"[{'value': '', 'primary': True}]","[{'label': 'work', 'value': '401-471-1982x00288', 'primary': True}, {'label': 'work', 'value': 'christina21@example.org', 'primary': False}, {'label': 'work', 'value': 'tony69@example.com', 'primary': False}]",e,2024-12-03 10:35:24,,2024-12-03 10:35:22,3,,,,,,,,,,[],"[{'value': '', 'primary': True}]",,,,,,,,,,,,,,,,,"Ruiz, Jackson and Malone",Jesús Maeso,401-471-1982x00288,jesusmaeso-sandbox@pipedrivemail.com,22693865,Jesús Maeso,jesusmaesog@gmail.com,0,,True,22693865,"Ruiz, Jackson and Malone",1,22693865,"127 Mary Extensions Apt. 619, Whitefort, WV 89517",[],True,jesusmaeso-sandbox@pipedrivemail.com,Jesús Maeso,83
84,13934494,Crystal Maldonado,Crystal,Maldonado,1,0,0,0,0,0,0,0,0,0,0,0,1,0,0,0,0,True,"[{'value': '', 'primary': True}]","[{'label': 'work', 'value': '916.385.4079x02393', 'primary': True}, {'label': 'work', 'value': 'huffmancharles@example.org', 'primary': False}, {'label': 'work', 'value': 'hunter01@example.net', 'primary': False}]",c,2024-12-03 10:35:24,,2024-12-03 10:35:22,3,,,,,,,,,,[],"[{'value': '', 'primary': True}]",,,,,,,,,,,,,,,,,Spencer-Lara,Jesús Maeso,916.385.4079x02393,jesusmaeso-sandbox@pipedrivemail.com,22693865,Jesús Maeso,jesusmaesog@gmail.com,0,,True,22693865,Spencer-Lara,1,22693865,"85136 Jones Harbors, East Anthony, UT 80508",[],True,jesusmaeso-sandbox@pipedrivemail.com,Jesús Maeso,84
85,13934494,Jessica Alexander,Jessica,Alexander,1,0,0,0,0,0,0,0,0,0,0,0,1,0,0,0,0,True,"[{'value': '', 'primary': True}]","[{'label': 'work', 'value': '(937)518-5019', 'primary': True}, {'label': 'work', 'value': 'amandalogan@example.org', 'primary': False}, {'label': 'work', 'value': 'andersondavid@example.org', 'primary': False}]",j,2024-12-03 10:35:25,,2024-12-03 10:35:23,3,,,,,,,,,,[],"[{'value': '', 'primary': True}]",,,,,,,,,,,,,,,,,Campbell-Martinez,Jesús Maeso,(937)518-5019,jesusmaeso-sandbox@pipedrivemail.com,22693865,Jesús Maeso,jesusmaesog@gmail.com,0,,True,22693865,Campbell-Martinez,1,22693865,"716 Thomas Skyway, Amberstad, CA 19816",[],True,jesusmaeso-sandbox@pipedrivemail.com,Jesús Maeso,85
86,13934494,Crystal King,Crystal,King,1,0,0,0,0,0,0,0,0,0,0,0,1,0,0,0,0,True,"[{'value': '', 'primary': True}]","[{'label': 'work', 'value': '378-587-1803x268', 'primary': True}, {'label': 'work', 'value': 'jameslewis@example.com', 'primary': False}, {'label': 'work', 'value': 'weaverbrittany@example.net', 'primary': False}]",c,2024-12-03 10:35:26,,2024-12-03 10:35:24,3,,,,,,,,,,[],"[{'value': '', 'primary': True}]",,,,,,,,,,,,,,,,,Ramirez and Sons,Jesús Maeso,378-587-1803x268,jesusmaeso-sandbox@pipedrivemail.com,22693865,Jesús Maeso,jesusmaesog@gmail.com,0,,True,22693865,Ramirez and Sons,1,22693865,"Unit 5628 Box 0402, DPO AP 44330",[],True,jesusmaeso-sandbox@pipedrivemail.com,Jesús Maeso,87
87,13934494,James Jackson,James,Jackson,1,0,0,0,0,0,0,0,0,0,0,0,1,0,0,0,0,True,"[{'value': '', 'primary': True}]","[{'label': 'work', 'value': '+1-248-367-0348x8932', 'primary': True}, {'label': 'work', 'value': 'qwright@example.net', 'primary': False}, {'label': 'work', 'value': 'vhayes@example.net', 'primary': False}]",j,2024-12-03 10:35:26,,2024-12-03 10:35:24,3,,,,,,,,,,[],"[{'value': '', 'primary': True}]",,,,,,,,,,,,,,,,,"Garrett, Smith and Evans",Jesús Maeso,+1-248-367-0348x8932,jesusmaeso-sandbox@pipedrivemail.com,22693865,Jesús Maeso,jesusmaesog@gmail.com,0,,True,22693865,"Garrett, Smith and Evans",1,22693865,"555 Alyssa Creek Suite 765, Taylormouth, VI 11882",[],True,jesusmaeso-sandbox@pipedrivemail.com,Jesús Maeso,86
88,13934494,Brian Brown,Brian,Brown,1,0,0,0,0,0,0,0,0,0,0,0,1,0,0,0,0,True,"[{'value': '', 'primary': True}]","[{'label': 'work', 'value': '226-751-6279x305', 'primary': True}, {'label': 'work', 'value': 'erika84@example.com', 'primary': False}, {'label': 'work', 'value': 'katherine26@example.com', 'primary': False}]",b,2024-12-03 10:35:27,,2024-12-03 10:35:24,3,,,,,,,,,,[],"[{'value': '', 'primary': True}]",,,,,,,,,,,,,,,,,Jenkins-Combs,Jesús Maeso,226-751-6279x305,jesusmaeso-sandbox@pipedrivemail.com,22693865,Jesús Maeso,jesusmaesog@gmail.com,0,,True,22693865,Jenkins-Combs,1,22693865,"32032 Brown Pines, Lewisview, GU 48554",[],True,jesusmaeso-sandbox@pipedrivemail.com,Jesús Maeso,88
89,13934494,Melissa Johnson,Melissa,Johnson,1,0,0,0,0,0,0,0,0,0,0,0,1,0,0,0,0,True,"[{'value': '', 'primary': True}]","[{'label': 'work', 'value': '934.222.3089x03334', 'primary': True}, {'label': 'work', 'value': 'stephaniepowers@example.org', 'primary': False}, {'label': 'work', 'value': 'lorismith@example.net', 'primary': False}]",m,2024-12-03 10:35:27,,2024-12-03 10:35:24,3,,,,,,,,,,[],"[{'value': '', 'primary': True}]",,,,,,,,,,,,,,,,,Caldwell-Kim,Jesús Maeso,934.222.3089x03334,jesusmaeso-sandbox@pipedrivemail.com,22693865,Jesús Maeso,jesusmaesog@gmail.com,0,,True,22693865,Caldwell-Kim,1,22693865,"PSC 9356, Box 2243, APO AE 79484",[],True,jesusmaeso-sandbox@pipedrivemail.com,Jesús Maeso,89
90,13934494,Brian Williams,Brian,Williams,1,0,0,0,0,0,0,0,0,0,0,0,1,0,0,0,0,True,"[{'value': '', 'primary': True}]","[{'label': 'work', 'value': '619-495-0484', 'primary': True}, {'label': 'work', 'value': 'mercersara@example.com', 'primary': False}, {'label': 'work', 'value': 'huffronnie@example.com', 'primary': False}]",b,2024-12-03 10:35:27,,2024-12-03 10:35:24,3,,,,,,,,,,[],"[{'value': '', 'primary': True}]",,,,,,,,,,,,,,,,,Robinson PLC,Jesús Maeso,619-495-0484,jesusmaeso-sandbox@pipedrivemail.com,22693865,Jesús Maeso,jesusmaesog@gmail.com,0,,True,22693865,Robinson PLC,1,22693865,"26595 Moore Plains Suite 286, Miguelshire, RI 65275",[],True,jesusmaeso-sandbox@pipedrivemail.com,Jesús Maeso,90
91,13934494,Dylan Oliver,Dylan,Oliver,1,0,0,0,0,0,0,0,0,0,0,0,1,0,0,0,0,True,"[{'value': '', 'primary': True}]","[{'label': 'work', 'value': '8513272477', 'primary': True}, {'label': 'work', 'value': 'gonzaleztina@example.com', 'primary': False}, {'label': 'work', 'value': 'kennedyjonathan@example.net', 'primary': False}]",d,2024-12-03 10:35:27,,2024-12-03 10:35:25,3,,,,,,,,,,[],"[{'value': '', 'primary': True}]",,,,,,,,,,,,,,,,,Adkins-Vance,Jesús Maeso,8513272477,jesusmaeso-sandbox@pipedrivemail.com,22693865,Jesús Maeso,jesusmaesog@gmail.com,0,,True,22693865,Adkins-Vance,1,22693865,"464 Brenda Wall, Lake Joshuabury, MD 38207",[],True,jesusmaeso-sandbox@pipedrivemail.com,Jesús Maeso,91
92,13934494,Tina Duncan,Tina,Duncan,1,0,0,0,0,0,0,0,0,0,0,0,1,0,0,0,0,True,"[{'value': '', 'primary': True}]","[{'label': 'work', 'value': '8538997284', 'primary': True}, {'label': 'work', 'value': 'joannajensen@example.net', 'primary': False}, {'label': 'work', 'value': 'marshtommy@example.org', 'primary': False}]",t,2024-12-03 10:35:27,,2024-12-03 10:35:25,3,,,,,,,,,,[],"[{'value': '', 'primary': True}]",,,,,,,,,,,,,,,,,Jones-Walters,Jesús Maeso,8538997284,jesusmaeso-sandbox@pipedrivemail.com,22693865,Jesús Maeso,jesusmaesog@gmail.com,0,,True,22693865,Jones-Walters,1,22693865,"428 Brian Fork, Anneton, PA 54475",[],True,jesusmaeso-sandbox@pipedrivemail.com,Jesús Maeso,93
93,13934494,James Harrison,James,Harrison,1,0,0,0,0,0,0,0,0,0,0,0,1,0,0,0,0,True,"[{'value': '', 'primary': True}]","[{'label': 'work', 'value': '(847)510-9166x148', 'primary': True}, {'label': 'work', 'value': 'tammylewis@example.org', 'primary': False}, {'label': 'work', 'value': 'stacy46@example.org', 'primary': False}]",j,2024-12-03 10:35:27,,2024-12-03 10:35:25,3,,,,,,,,,,[],"[{'value': '', 'primary': True}]",,,,,,,,,,,,,,,,,Galvan-Stewart,Jesús Maeso,(847)510-9166x148,jesusmaeso-sandbox@pipedrivemail.com,22693865,Jesús Maeso,jesusmaesog@gmail.com,0,,True,22693865,Galvan-Stewart,1,22693865,"59493 Andres River Apt. 296, Brianburgh, CO 53636",[],True,jesusmaeso-sandbox@pipedrivemail.com,Jesús Maeso,92
94,13934494,Susan Cruz,Susan,Cruz,1,0,0,0,0,0,0,0,0,0,0,0,1,0,0,0,0,True,"[{'value': '', 'primary': True}]","[{'label': 'work', 'value': '001-520-791-7644x1290', 'primary': True}, {'label': 'work', 'value': 'daltonmichelle@example.com', 'primary': False}, {'label': 'work', 'value': 'jenniferarnold@example.com', 'primary': False}]",s,2024-12-03 10:35:30,,2024-12-03 10:35:26,3,,,,,,,,,,[],"[{'value': '', 'primary': True}]",,,,,,,,,,,,,,,,,Salazar LLC,Jesús Maeso,001-520-791-7644x1290,jesusmaeso-sandbox@pipedrivemail.com,22693865,Jesús Maeso,jesusmaesog@gmail.com,0,,True,22693865,Salazar LLC,1,22693865,"PSC 3187, Box 9670, APO AA 25650",[],True,jesusmaeso-sandbox@pipedrivemail.com,Jesús Maeso,94
95,13934494,Nicholas May,Nicholas,May,1,0,0,0,0,0,0,0,0,0,0,0,1,0,0,0,0,True,"[{'value': '', 'primary': True}]","[{'label': 'work', 'value': '(689)502-2744x9329', 'primary': True}, {'label': 'work', 'value': 'xkelly@example.com', 'primary': False}, {'label': 'work', 'value': 'ochoanicholas@example.com', 'primary': False}]",n,2024-12-03 10:35:30,,2024-12-03 10:35:27,3,,,,,,,,,,[],"[{'value': '', 'primary': True}]",,,,,,,,,,,,,,,,,"Moreno, Parker and Bates",Jesús Maeso,(689)502-2744x9329,jesusmaeso-sandbox@pipedrivemail.com,22693865,Jesús Maeso,jesusmaesog@gmail.com,0,,True,22693865,"Moreno, Parker and Bates",1,22693865,"3097 Wilcox Avenue Suite 600, Richardsville, KS 87203",[],True,jesusmaeso-sandbox@pipedrivemail.com,Jesús Maeso,95
96,13934494,Linda Massey,Linda,Massey,1,0,0,0,0,0,0,0,0,0,0,0,1,0,0,0,0,True,"[{'value': '', 'primary': True}]","[{'label': 'work', 'value': '725.533.7042x2236', 'primary': True}, {'label': 'work', 'value': 'chelseanavarro@example.com', 'primary': False}, {'label': 'work', 'value': 'qcarey@example.com', 'primary': False}]",l,2024-12-03 10:35:30,,2024-12-03 10:35:28,3,,,,,,,,,,[],"[{'value': '', 'primary': True}]",,,,,,,,,,,,,,,,,Wilson-Collier,Jesús Maeso,725.533.7042x2236,jesusmaeso-sandbox@pipedrivemail.com,22693865,Jesús Maeso,jesusmaesog@gmail.com,0,,True,22693865,Wilson-Collier,1,22693865,"52793 Miller Springs Suite 106, Curtisbury, MA 37392",[],True,jesusmaeso-sandbox@pipedrivemail.com,Jesús Maeso,97
97,13934494,Christine Perez,Christine,Perez,1,0,0,0,0,0,0,0,0,0,0,0,1,0,0,0,0,True,"[{'value': '', 'primary': True}]","[{'label': 'work', 'value': '495.870.0159', 'primary': True}, {'label': 'work', 'value': 'xalvarez@example.org', 'primary': False}, {'label': 'work', 'value': 'pgaines@example.org', 'primary': False}]",c,2024-12-03 10:35:30,,2024-12-03 10:35:28,3,,,,,,,,,,[],"[{'value': '', 'primary': True}]",,,,,,,,,,,,,,,,,Rodriguez-Smith,Jesús Maeso,495.870.0159,jesusmaeso-sandbox@pipedrivemail.com,22693865,Jesús Maeso,jesusmaesog@gmail.com,0,,True,22693865,Rodriguez-Smith,1,22693865,"32828 Kyle Corners, Shepherdshire, LA 45925",[],True,jesusmaeso-sandbox@pipedrivemail.com,Jesús Maeso,99
98,13934494,Carla Grant,Carla,Grant,1,0,0,0,0,0,0,0,0,0,0,0,1,0,0,0,0,True,"[{'value': '', 'primary': True}]","[{'label': 'work', 'value': '516.690.0106x07533', 'primary': True}, {'label': 'work', 'value': 'david05@example.net', 'primary': False}, {'label': 'work', 'value': 'kpeters@example.org', 'primary': False}]",c,2024-12-03 10:35:30,,2024-12-03 10:35:28,3,,,,,,,,,,[],"[{'value': '', 'primary': True}]",,,,,,,,,,,,,,,,,Patterson Inc,Jesús Maeso,516.690.0106x07533,jesusmaeso-sandbox@pipedrivemail.com,22693865,Jesús Maeso,jesusmaesog@gmail.com,0,,True,22693865,Patterson Inc,1,22693865,"9058 Perry Freeway Suite 761, Michaelport, CT 78053",[],True,jesusmaeso-sandbox@pipedrivemail.com,Jesús Maeso,98
99,13934494,Anthony Olsen,Anthony,Olsen,1,0,0,0,0,0,0,0,0,0,0,0,1,0,0,0,0,True,"[{'value': '', 'primary': True}]","[{'label': 'work', 'value': '725.459.0278x05036', 'primary': True}, {'label': 'work', 'value': 'avelasquez@example.org', 'primary': False}, {'label': 'work', 'value': 'zharris@example.net', 'primary': False}]",a,2024-12-03 10:35:30,,2024-12-03 10:35:28,3,,,,,,,,,,[],"[{'value': '', 'primary': True}]",,,,,,,,,,,,,,,,,Smith Inc,Jesús Maeso,725.459.0278x05036,jesusmaeso-sandbox@pipedrivemail.com,22693865,Jesús Maeso,jesusmaesog@gmail.com,0,,True,22693865,Smith Inc,1,22693865,"23470 Reed Place, Loriton, MI 21785",[],True,jesusmaeso-sandbox@pipedrivemail.com,Jesús Maeso,96
100,13934494,Bethany Smith,Bethany,Smith,1,0,0,0,0,0,0,0,0,0,0,0,1,0,0,0,0,True,"[{'value': '', 'primary': True}]","[{'label': 'work', 'value': '001-519-633-9113x21477', 'primary': True}, {'label': 'work', 'value': 'lsampson@example.net', 'primary': False}, {'label': 'work', 'value': 'lewisangela@example.net', 'primary': False}]",b,2024-12-03 10:35:30,,2024-12-03 10:35:28,3,,,,,,,,,,[],"[{'value': '', 'primary': True}]",,,,,,,,,,,,,,,,,Dennis-Hurst,Jesús Maeso,001-519-633-9113x21477,jesusmaeso-sandbox@pipedrivemail.com,22693865,Jesús Maeso,jesusmaesog@gmail.com,0,,True,22693865,Dennis-Hurst,1,22693865,"82552 Silva Land, Crawfordview, NE 16511",[],True,jesusmaeso-sandbox@pipedrivemail.com,Jesús Maeso,100
